review,sentiment
"The product arrived on time and works perfectly","positive"
"I am very disappointed with the quality of this product","negative"
"Excellent performance and very easy to use","positive"
"The item stopped working after two days","negative"
"Really happy with my purchase and the overall quality","positive"
"The delivery was late and the package was damaged","negative"
"Great product, I would definitely recommend it","positive"
"The instructions were confusing and difficult to follow","negative"
"Battery life is much better than I expected","positive"
"The screen quality is terrible and looks blurry","negative"
"Fast delivery and excellent packaging","positive"
"I regret buying this product","negative"
"Very useful product for everyday work","positive"
"The material feels cheap and poorly made","negative"
"Setup was simple and everything worked immediately","positive"
"The device keeps disconnecting for no reason","negative"
"Good value for the price and solid performance","positive"
"The customer support was slow and unhelpful","negative"
"I am impressed by how smoothly this works","positive"
"Product quality is much worse than advertised","negative"
"Comfortable to use and nicely designed","positive"
"The software is full of bugs and crashes frequently","negative"
"Everything about this purchase was better than expected","positive"
"The package arrived broken and unusable","negative"
"Very satisfied with the features and performance","positive"
"The product feels outdated and unreliable","negative"
"Works exactly as described and looks great","positive"
"I had several problems while trying to use it","negative"
"Good build quality and excellent overall experience","positive"
"Not worth the money at all","negative"
"The installation process was quick and straightforward","positive"
"The instructions were missing important information","negative"
"Lightweight, powerful, and convenient to carry","positive"
"The product overheats after a short period of use","negative"
"Much better quality than similar products I have tried","positive"
"The delivery experience was frustrating and slow","negative"
"Easy to operate and performs consistently","positive"
"The buttons feel weak and stopped responding","negative"
"I am pleased with the purchase","positive"
"The product did not meet my expectations","negative"
"Clear instructions and a very smooth setup","positive"
"The quality control seems extremely poor","negative"
"Works well even after using it for several weeks","positive"
"I received the wrong item and support did not help","negative"
"Affordable price and surprisingly good performance","positive"
"The product broke before I could properly use it","negative"
"Very reliable and convenient for daily use","positive"
"The advertised features do not work properly","negative"
"I love the design and the overall experience","positive"
"Poor quality, poor service, and definitely not recommended","negative"
"The product exceeded my expectations in every way","positive"
"I expected much more for the price","negative"
"Simple design but surprisingly effective","positive"
"The app is confusing and difficult to navigate","negative"
"Packaging was secure and the product looked brand new","positive"
"The item feels fragile and poorly constructed","negative"
"Excellent customer service and quick response","positive"
"The support team ignored my messages for days","negative"
"Very happy with the purchase so far","positive"
"I would not buy this product again","negative"
"The performance is consistent and impressive","positive"
"The product arrived with scratches and missing parts","negative"
"Easy to set up and comfortable to use","positive"
"Too expensive for such poor quality","negative"
"Everything works smoothly without any issues","positive"
"Constant errors made the product almost unusable","negative"
"Great experience from ordering to delivery","positive"
"The product description was misleading","negative"
"Good performance, reasonable price, and useful features","positive"
"Very frustrating experience and disappointing quality","negative"
"Looks good and performs even better","positive"
"The device became slower after a few days","negative"
"I am satisfied with both the product and service","positive"
"Customer service refused to solve my problem","negative"
"Reliable product with excellent build quality","positive"
"The product failed when I needed it most","negative"
"Fast, simple, and exactly what I needed","positive"
"Not durable enough for regular use","negative"
"I would happily recommend this to others","positive"
"The overall experience was disappointing","negative"
"Good product with only minor issues","positive"
"Several important features are missing","negative"
"Very impressed by the quality and performance","positive"
"The product was nothing like I expected","negative"
"Smooth performance and excellent design","positive"
"Poor packaging caused damage during delivery","negative"
"Easy to understand and pleasant to use","positive"
"The device frequently freezes during normal use","negative"
"Great quality for the price","positive"
"The price is too high considering the quality","negative"
"Works reliably and saves me a lot of time","positive"
"I had to return it because it did not work","negative"
"Excellent purchase, everything feels well made","positive"
"The product looks nice but performs badly","negative"
"Very useful and dependable product","positive"
"Delivery was quick and the item was perfect","positive"
"Terrible experience from start to finish","negative"
"The product is simple but does exactly what I need","positive"
"Cheap materials and disappointing performance","negative"
"Overall I am extremely satisfied","positive"
"I am extremely unhappy with this purchase","negative"